,0,1,2,3,4,5,6,7,8,9
iter1_cv_split1,retrac,usd,level,bought,bullish,masternod,euphoria,disgrac,usdbtc,time
iter1_cv_split2,usd,definit,gainzz,bullish,euphoria,disgrac,usdbtc,breakout,masternod,ethbtc
iter1_cv_split3,retrac,level,break,definit,befor,amp,masternod,bullish,disgrac,usdbtc
iter1_cv_split4,usd,retrac,definit,level,bullish,masternod,shitcoin,bought,amp,fibso
iter1_cv_split5,usd,retrac,level,definit,abov,amp,day,ethusd,ethbtc,upsid
iter2_cv_split1,usd,retrac,bought,bullish,definit,euphoria,usdbtc,disgrac,upsid,fibso
iter2_cv_split2,usd,level,definit,gainzz,disgrac,usdbtc,fomo,upsid,fibso,bullish
iter2_cv_split3,retrac,level,definit,masternod,abov,usdbtc,disgrac,amp,break,day
iter2_cv_split4,usd,retrac,level,definit,masternod,bullish,bought,break,breakout,amp
iter2_cv_split5,usd,retrac,level,befor,masternod,amp,fibso,upsid,shitcoin,euphoria
iter3_cv_split1,usd,retrac,level,definit,masternod,bought,amp,fibso,upsid,fomo
iter3_cv_split2,usd,retrac,bullish,bought,definit,abov,euphoria,befor,masternod,fomo
iter3_cv_split3,level,definit,bullish,disgrac,usdbtc,day,befor,euphoria,upsid,fibso
iter3_cv_split4,usd,retrac,level,break,gainzz,bought,upsid,fibso,usdbtc,disgrac
iter3_cv_split5,usd,retrac,level,bullish,masternod,euphoria,breakout,amp,disgrac,usdbtc
iter4_cv_split1,retrac,level,bullish,bought,amp,euphoria,break,prepar,shitcoin,befor
iter4_cv_split2,usd,retrac,definit,level,befor,disgrac,masternod,break,amp,abov
iter4_cv_split3,usd,retrac,definit,bullish,bought,abov,masternod,euphoria,fibso,upsid
iter4_cv_split4,usd,retrac,level,masternod,upsid,fibso,disgrac,usdbtc,definit,amp
iter4_cv_split5,usd,level,usdbtc,definit,fomo,gainzz,upsid,fibso,flag,bought
iter5_cv_split1,usd,retrac,definit,level,bought,bullish,masternod,euphoria,fomo,amp
iter5_cv_split2,usd,retrac,level,masternod,bullish,bought,flag,upsid,fibso,shitcoin
iter5_cv_split3,usd,level,disgrac,time,fibso,upsid,amp,ethusd,ethbtc,day
iter5_cv_split4,retrac,definit,gainzz,usdbtc,euphoria,bought,break,befor,upsid,fibso
iter5_cv_split5,usd,retrac,definit,level,abov,disgrac,usdbtc,masternod,break,amp
iter6_cv_split1,usd,retrac,level,bullish,definit,masternod,day,bought,amp,abov
iter6_cv_split2,usd,retrac,level,bought,gainzz,bullish,disgrac,usdbtc,euphoria,fibso
iter6_cv_split3,usd,level,definit,usdbtc,masternod,befor,upsid,fibso,amp,ethbtc
iter6_cv_split4,usd,retrac,disgrac,euphoria,bought,fibso,upsid,ethusd,ethbtc,shitcoin
iter6_cv_split5,retrac,level,definit,bought,break,masternod,bullish,befor,disgrac,usdbtc
iter7_cv_split1,retrac,level,definit,bullish,bought,masternod,break,euphoria,shitcoin,befor
iter7_cv_split2,usd,retrac,level,usdbtc,fibso,upsid,day,amp,time,ethusd
iter7_cv_split3,usd,retrac,level,disgrac,definit,masternod,fomo,bought,abov,fibso
iter7_cv_split4,usd,retrac,bought,disgrac,usdbtc,masternod,shitcoin,upsid,fibso,breakout
iter7_cv_split5,usd,level,definit,bullish,gainzz,befor,euphoria,amp,break,fibso
iter8_cv_split1,retrac,level,bullish,definit,abov,amp,bought,masternod,shitcoin,flag
iter8_cv_split2,usd,retrac,definit,masternod,euphoria,usdbtc,disgrac,upsid,fibso,amp
iter8_cv_split3,usd,definit,level,usdbtc,masternod,day,fomo,abov,upsid,fibso
iter8_cv_split4,usd,retrac,level,befor,bought,disgrac,euphoria,masternod,break,bullish
iter8_cv_split5,usd,retrac,level,upsid,fibso,disgrac,usdbtc,bullish,ethbtc,ethusd
iter9_cv_split1,usd,retrac,level,bullish,masternod,euphoria,bought,definit,soonmoon,ship
iter9_cv_split2,usd,definit,level,usdbtc,befor,break,day,start,upsid,fibso
iter9_cv_split3,retrac,definit,usdbtc,disgrac,upsid,fibso,bought,masternod,befor,euphoria
iter9_cv_split4,usd,level,retrac,bought,bullish,masternod,euphoria,shitcoin,fibso,upsid
iter9_cv_split5,usd,retrac,definit,level,disgrac,masternod,break,line,fibso,upsid
iter10_cv_split1,usd,retrac,level,befor,bullish,masternod,definit,bought,day,time
iter10_cv_split2,retrac,level,masternod,bullish,bought,fibso,upsid,fomo,amp,euphoria
iter10_cv_split3,usd,level,definit,bought,abov,ethbtc,ethusd,amp,break,befor
iter10_cv_split4,usd,retrac,definit,level,bullish,masternod,break,usdbtc,disgrac,amp
iter10_cv_split5,usd,retrac,definit,break,euphoria,upsid,fibso,disgrac,usdbtc,abov
iter11_cv_split1,usd,level,retrac,bullish,gainzz,good,fibso,upsid,ethbtc,ethusd
iter11_cv_split2,retrac,level,definit,bullish,masternod,abov,shitcoin,fibso,upsid,disgrac
iter11_cv_split3,usd,level,definit,usdbtc,day,bought,masternod,break,abov,ethusd
iter11_cv_split4,usd,retrac,level,disgrac,definit,masternod,bought,amp,abov,befor
iter11_cv_split5,usd,retrac,amp,bullish,euphoria,breakout,disgrac,usdbtc,bought,ethusd
iter12_cv_split1,usd,retrac,level,definit,bullish,bought,euphoria,break,fibso,upsid
iter12_cv_split2,usd,level,bullish,euphoria,masternod,shitcoin,upsid,fibso,flag,ethusd
iter12_cv_split3,retrac,usd,definit,disgrac,masternod,abov,amp,euphoria,ethusd,ethbtc
iter12_cv_split4,retrac,level,gainzz,definit,break,usdbtc,disgrac,bought,fibso,upsid
iter12_cv_split5,usd,retrac,level,usdbtc,definit,masternod,bought,amp,abov,befor
iter13_cv_split1,retrac,level,definit,break,bullish,masternod,line,euphoria,usdbtc,disgrac
iter13_cv_split2,usd,level,retrac,usdbtc,fibso,upsid,definit,befor,ethbtc,ethusd
iter13_cv_split3,usd,retrac,level,amp,disgrac,masternod,euphoria,bought,flag,bullish
iter13_cv_split4,usd,level,definit,abov,bought,masternod,usdbtc,disgrac,bullish,breakout
iter13_cv_split5,usd,retrac,definit,gainzz,bullish,day,bought,fibso,upsid,sat
iter14_cv_split1,usd,level,gainzz,bullish,bought,break,euphoria,disgrac,usdbtc,fomo
iter14_cv_split2,usd,retrac,level,definit,euphoria,bullish,amp,usdbtc,disgrac,upsid
iter14_cv_split3,usd,retrac,disgrac,bought,definit,line,euphoria,shitcoin,upsid,fibso
iter14_cv_split4,level,retrac,definit,bullish,masternod,amp,abov,shitcoin,befor,usdbtc
iter14_cv_split5,usd,retrac,level,definit,masternod,abov,day,bought,usdbtc,flag
iter15_cv_split1,usd,retrac,level,definit,bullish,breakout,usdbtc,disgrac,fibso,upsid
iter15_cv_split2,usd,retrac,level,bullish,bought,euphoria,shitcoin,masternod,line,befor
iter15_cv_split3,usd,level,definit,gainzz,bullish,euphoria,abov,bought,fomo,break
iter15_cv_split4,retrac,definit,amp,befor,masternod,break,upsid,fibso,bullish,usdbtc
iter15_cv_split5,usd,retrac,level,definit,masternod,bought,day,fomo,upsid,fibso
iter16_cv_split1,retrac,definit,bullish,bought,upsid,fibso,euphoria,disgrac,usdbtc,break
iter16_cv_split2,usd,retrac,level,bought,bullish,gainzz,day,usdbtc,disgrac,euphoria
iter16_cv_split3,usd,retrac,level,abov,bullish,definit,befor,amp,masternod,break
iter16_cv_split4,usd,level,definit,masternod,disgrac,usdbtc,shitcoin,fibso,upsid,bullish
iter16_cv_split5,usd,retrac,level,definit,masternod,amp,abov,befor,euphoria,fibso
iter17_cv_split1,retrac,definit,masternod,disgrac,usdbtc,upsid,fibso,flag,abov,fomo
iter17_cv_split2,usd,level,definit,bought,bullish,masternod,shitcoin,break,disgrac,usdbtc
iter17_cv_split3,usd,retrac,level,definit,break,bullish,bought,abov,shitcoin,ethbtc
iter17_cv_split4,usd,retrac,level,disgrac,masternod,amp,upsid,fibso,euphoria,breakout
iter17_cv_split5,usd,level,retrac,gainzz,definit,usdbtc,bought,euphoria,upsid,fibso
iter18_cv_split1,usd,level,retrac,definit,bought,gainzz,bullish,breakout,upsid,fibso
iter18_cv_split2,usd,retrac,level,masternod,bought,bullish,usdbtc,disgrac,amp,euphoria
iter18_cv_split3,usd,retrac,usdbtc,definit,abov,euphoria,fomo,befor,upsid,fibso
iter18_cv_split4,usd,level,disgrac,masternod,befor,day,break,shitcoin,upsid,fibso
iter18_cv_split5,retrac,definit,level,bullish,masternod,shitcoin,usdbtc,disgrac,abov,amp
iter19_cv_split1,usd,retrac,level,usdbtc,definit,amp,abov,masternod,bought,euphoria
iter19_cv_split2,usd,level,retrac,bullish,target,masternod,befor,amp,day,break
iter19_cv_split3,usd,retrac,level,definit,disgrac,bought,masternod,breakout,upsid,fibso
iter19_cv_split4,retrac,level,bullish,definit,bought,befor,fibso,upsid,ethusd,ethbtc
iter19_cv_split5,usd,definit,masternod,usdbtc,disgrac,euphoria,bullish,fomo,abov,rebuy
iter20_cv_split1,level,retrac,usd,definit,bought,bullish,euphoria,befor,usdbtc,disgrac
iter20_cv_split2,usd,level,retrac,definit,disgrac,masternod,day,shitcoin,ethbtc,ethusd
iter20_cv_split3,usd,definit,masternod,bullish,bought,usdbtc,disgrac,fibso,upsid,ethusd
iter20_cv_split4,usd,retrac,level,bullish,fibso,upsid,amp,breakout,definit,usdbtc
iter20_cv_split5,retrac,level,usdbtc,gainzz,bought,break,euphoria,amp,fibso,upsid
iter21_cv_split1,usd,level,retrac,bought,bullish,definit,day,masternod,euphoria,upsid
iter21_cv_split2,usd,usdbtc,definit,break,befor,masternod,bought,euphoria,fomo,ethbtc
iter21_cv_split3,usd,retrac,level,definit,disgrac,befor,shitcoin,fomo,amp,upsid
iter21_cv_split4,usd,retrac,level,definit,bought,gainzz,bullish,upsid,fibso,amp
iter21_cv_split5,retrac,level,bullish,upsid,fibso,masternod,amp,break,disgrac,usdbtc
iter22_cv_split1,usd,retrac,definit,level,break,fibso,upsid,bullish,amp,disgrac
iter22_cv_split2,usd,bullish,bought,euphoria,masternod,shitcoin,befor,upsid,fibso,disgrac
iter22_cv_split3,usd,retrac,level,disgrac,definit,gainzz,day,bought,upsid,fibso
iter22_cv_split4,retrac,level,definit,masternod,usdbtc,euphoria,flag,coin,abov,bought
iter22_cv_split5,usd,retrac,level,bought,bullish,amp,break,masternod,upsid,fibso
iter23_cv_split1,usd,retrac,level,definit,abov,masternod,breakout,amp,bullish,usdbtc
iter23_cv_split2,retrac,level,break,bullish,target,bought,day,ethusd,ethbtc,fibso
iter23_cv_split3,usd,retrac,level,definit,befor,usdbtc,masternod,break,shitcoin,amp
iter23_cv_split4,level,usd,definit,bought,disgrac,masternod,euphoria,ethbtc,ethusd,upsid
iter23_cv_split5,usd,retrac,masternod,euphoria,disgrac,usdbtc,definit,upsid,fibso,breakout
iter24_cv_split1,retrac,level,bullish,shitcoin,disgrac,usdbtc,gainzz,euphoria,ethbtc,ethusd
iter24_cv_split2,usd,usdbtc,definit,euphoria,gainzz,bought,ethbtc,ethusd,fibso,upsid
iter24_cv_split3,usd,level,retrac,definit,bullish,break,day,flag,disgrac,usdbtc
iter24_cv_split4,usd,retrac,level,definit,disgrac,amp,masternod,bought,abov,fibso
iter24_cv_split5,usd,retrac,level,masternod,bullish,bought,shitcoin,amp,usdbtc,disgrac
iter25_cv_split1,usd,retrac,level,definit,bought,bullish,masternod,break,euphoria,fomo
iter25_cv_split2,retrac,level,disgrac,definit,befor,masternod,time,shitcoin,euphoria,upsid
iter25_cv_split3,usd,retrac,level,usdbtc,masternod,euphoria,definit,amp,bought,fomo
iter25_cv_split4,usd,bullish,bought,fibso,upsid,euphoria,break,befor,shitcoin,ethusd
iter25_cv_split5,usd,retrac,level,definit,amp,masternod,break,fibso,upsid,usdbtc
iter26_cv_split1,usd,bullish,amp,befor,masternod,upsid,fibso,breakout,euphoria,shitcoin
iter26_cv_split2,retrac,level,masternod,bullish,definit,bought,flag,usdbtc,disgrac,rebuy
iter26_cv_split3,usd,level,retrac,definit,bought,usdbtc,gainzz,break,abov,euphoria
iter26_cv_split4,usd,level,retrac,definit,bought,masternod,disgrac,usdbtc,upsid,fibso
iter26_cv_split5,usd,retrac,level,definit,disgrac,bought,breakout,euphoria,break,upsid
iter27_cv_split1,usd,definit,bullish,euphoria,break,rebuy,level,usdbtc,disgrac,gainzz
iter27_cv_split2,usd,retrac,level,definit,disgrac,bought,abov,upsid,fibso,breakout
iter27_cv_split3,usd,retrac,definit,level,usdbtc,befor,masternod,upsid,fibso,shitcoin
iter27_cv_split4,usd,retrac,level,bought,bullish,masternod,flag,fibso,upsid,amp
iter27_cv_split5,retrac,level,gainzz,definit,bullish,befor,usdbtc,disgrac,amp,euphoria
iter28_cv_split1,usd,retrac,level,disgrac,bought,amp,masternod,upsid,fibso,euphoria
iter28_cv_split2,usd,retrac,level,bullish,befor,bought,masternod,shitcoin,break,support
iter28_cv_split3,usd,definit,masternod,bought,usdbtc,disgrac,bullish,euphoria,upsid,fibso
iter28_cv_split4,usd,retrac,level,definit,bullish,day,usdbtc,disgrac,flag,coin
iter28_cv_split5,retrac,level,definit,usdbtc,gainzz,befor,upsid,fibso,euphoria,shitcoin
iter29_cv_split1,usd,level,retrac,bought,break,bullish,line,fibso,upsid,masternod
iter29_cv_split2,usd,retrac,level,definit,bullish,abov,masternod,amp,break,ethbtc
iter29_cv_split3,level,disgrac,definit,euphoria,befor,time,ethbtc,ethusd,upsid,fibso
iter29_cv_split4,usd,retrac,level,usdbtc,masternod,bought,definit,amp,rocket,euphoria
iter29_cv_split5,retrac,usd,definit,amp,masternod,bullish,euphoria,usdbtc,disgrac,upsid
iter30_cv_split1,retrac,level,bullish,amp,usdbtc,disgrac,befor,upsid,fibso,shitcoin
iter30_cv_split2,usd,retrac,level,bullish,masternod,flag,bought,day,definit,amp
iter30_cv_split3,usd,retrac,definit,usdbtc,masternod,break,bought,euphoria,line,amp
iter30_cv_split4,usd,level,definit,disgrac,gainzz,breakout,euphoria,break,fibso,upsid
iter30_cv_split5,usd,retrac,level,definit,bought,bullish,befor,euphoria,masternod,break
iter31_cv_split1,usd,retrac,definit,masternod,break,bullish,bought,disgrac,usdbtc,amp
iter31_cv_split2,usd,level,definit,disgrac,gainzz,day,upsid,fibso,befor,amp
iter31_cv_split3,retrac,usd,level,masternod,bought,usdbtc,euphoria,goe,forev,upsid
iter31_cv_split4,usd,retrac,definit,level,upsid,fibso,disgrac,usdbtc,bullish,befor
iter31_cv_split5,level,retrac,bought,befor,break,bullish,euphoria,line,masternod,shitcoin
iter32_cv_split1,level,bullish,break,definit,bought,masternod,ethusd,ethbtc,breakout,befor
iter32_cv_split2,usd,retrac,level,definit,befor,bullish,amp,bought,euphoria,fibso
iter32_cv_split3,usd,retrac,level,definit,bullish,gainzz,abov,bought,upsid,fibso
iter32_cv_split4,level,usd,retrac,usdbtc,time,coin,euphoria,definit,befor,ethbtc
iter32_cv_split5,usd,retrac,disgrac,masternod,amp,break,flag,fibso,upsid,day
iter33_cv_split1,retrac,level,definit,disgrac,masternod,amp,befor,abov,fibso,upsid
iter33_cv_split2,usd,level,bought,bullish,euphoria,masternod,befor,usdbtc,disgrac,breakout
iter33_cv_split3,usd,retrac,definit,break,masternod,disgrac,usdbtc,abov,fibso,upsid
iter33_cv_split4,usd,level,retrac,usdbtc,definit,gainzz,bought,upsid,fibso,breakout
iter33_cv_split5,usd,retrac,level,bullish,fomo,day,usdbtc,disgrac,ethbtc,ethusd
iter34_cv_split1,usd,level,retrac,bullish,gainzz,befor,shitcoin,ethbtc,ethusd,bought
iter34_cv_split2,usd,retrac,definit,usdbtc,euphoria,line,breakout,befor,break,coin
iter34_cv_split3,usd,retrac,level,disgrac,definit,euphoria,masternod,amp,upsid,fibso
iter34_cv_split4,level,usd,retrac,definit,masternod,bought,abov,befor,upsid,fibso
iter34_cv_split5,level,bullish,masternod,day,bought,definit,amp,ethbtc,ethusd,break
iter35_cv_split1,retrac,usd,level,bought,bullish,disgrac,usdbtc,day,coin,fomo
iter35_cv_split2,usd,level,definit,disgrac,gainzz,bought,euphoria,amp,flag,time
iter35_cv_split3,usd,retrac,definit,masternod,amp,bullish,fibso,upsid,befor,shitcoin
iter35_cv_split4,level,retrac,definit,usdbtc,break,upsid,fibso,amp,masternod,ethusd
iter35_cv_split5,usd,retrac,level,bullish,befor,break,euphoria,definit,bought,masternod
iter36_cv_split1,usd,level,disgrac,befor,masternod,euphoria,break,definit,ethusd,ethbtc
iter36_cv_split2,retrac,level,definit,gainzz,bullish,break,disgrac,usdbtc,bought,shitcoin
iter36_cv_split3,usd,retrac,masternod,usdbtc,break,definit,target,fibso,upsid,amp
iter36_cv_split4,usd,retrac,level,definit,bullish,masternod,euphoria,break,upsid,fibso
iter36_cv_split5,usd,retrac,level,bullish,bought,euphoria,amp,upsid,fibso,shitcoin
iter37_cv_split1,usd,retrac,level,definit,disgrac,gainzz,break,abov,euphoria,upsid
iter37_cv_split2,retrac,befor,bullish,shitcoin,masternod,breakout,disgrac,usdbtc,upsid,fibso
iter37_cv_split3,usd,retrac,level,bought,bullish,euphoria,masternod,line,flag,usdbtc
iter37_cv_split4,usd,level,definit,bought,bullish,masternod,abov,euphoria,disgrac,usdbtc
iter37_cv_split5,usd,retrac,level,definit,usdbtc,break,upsid,fibso,day,shitcoin
iter38_cv_split1,retrac,definit,level,break,disgrac,masternod,amp,bought,befor,breakout
iter38_cv_split2,retrac,usd,level,masternod,euphoria,bullish,usdbtc,disgrac,befor,fibso
iter38_cv_split3,usd,retrac,definit,disgrac,usdbtc,upsid,fibso,befor,bought,bullish
iter38_cv_split4,usd,level,definit,usdbtc,abov,gainzz,euphoria,masternod,bought,break
iter38_cv_split5,level,usd,retrac,target,break,upsid,fibso,bullish,usdbtc,disgrac
iter39_cv_split1,bullish,definit,masternod,befor,level,coin,shitcoin,fomo,good,disgrac
iter39_cv_split2,usd,level,retrac,masternod,bought,euphoria,bullish,fibso,upsid,usdbtc
iter39_cv_split3,usd,retrac,level,definit,day,bullish,amp,masternod,break,fibso
iter39_cv_split4,retrac,usd,level,definit,bullish,disgrac,usdbtc,euphoria,ethbtc,ethusd
iter39_cv_split5,usd,retrac,level,definit,bought,masternod,amp,abov,befor,breakout
iter40_cv_split1,level,bullish,amp,masternod,bought,euphoria,befor,time,fibso,upsid
iter40_cv_split2,usd,retrac,level,definit,disgrac,befor,euphoria,abov,bullish,break
iter40_cv_split3,usd,retrac,level,definit,bought,masternod,usdbtc,disgrac,abov,shitcoin
iter40_cv_split4,usd,retrac,level,masternod,bought,bullish,definit,usdbtc,disgrac,day
iter40_cv_split5,usd,retrac,definit,usdbtc,break,masternod,befor,shitcoin,upsid,fibso
iter41_cv_split1,usd,level,definit,disgrac,usdbtc,masternod,euphoria,fibso,upsid,bullish
iter41_cv_split2,usd,retrac,bullish,amp,bought,masternod,break,euphoria,ethusd,ethbtc
iter41_cv_split3,retrac,level,definit,bought,bullish,shitcoin,befor,disgrac,usdbtc,upsid
iter41_cv_split4,level,usd,retrac,definit,usdbtc,gainzz,upsid,fibso,euphoria,ethusd
iter41_cv_split5,usd,retrac,level,disgrac,amp,fomo,bought,masternod,euphoria,ethbtc
iter42_cv_split1,usd,retrac,level,gainzz,euphoria,bought,disgrac,usdbtc,bullish,definit
iter42_cv_split2,usd,retrac,definit,masternod,usdbtc,disgrac,fibso,upsid,bullish,break
iter42_cv_split3,retrac,level,definit,break,bullish,befor,masternod,shitcoin,amp,sat
iter42_cv_split4,retrac,usd,level,definit,bought,bullish,masternod,coin,day,usdbtc
iter42_cv_split5,usd,level,euphoria,bought,amp,shitcoin,time,fibso,upsid,befor
iter43_cv_split1,usd,retrac,usdbtc,fibso,upsid,masternod,bought,ethusd,ethbtc,amp
iter43_cv_split2,usd,retrac,level,definit,bought,bullish,euphoria,disgrac,usdbtc,day
iter43_cv_split3,retrac,level,definit,disgrac,bought,amp,masternod,abov,fibso,upsid
iter43_cv_split4,usd,retrac,level,bought,bullish,amp,masternod,break,breakout,euphoria
iter43_cv_split5,usd,level,definit,bullish,befor,gainzz,shitcoin,hold,abov,disgrac
iter44_cv_split1,usd,retrac,level,amp,bought,break,fibso,upsid,masternod,definit
iter44_cv_split2,usd,level,bullish,bought,befor,euphoria,usdbtc,disgrac,start,upsid
iter44_cv_split3,usd,retrac,definit,masternod,bullish,euphoria,fibso,upsid,befor,usdbtc
iter44_cv_split4,level,retrac,definit,bought,disgrac,abov,euphoria,ethbtc,ethusd,masternod
iter44_cv_split5,usd,retrac,level,definit,usdbtc,masternod,abov,amp,befor,shitcoin
iter45_cv_split1,usd,level,retrac,definit,usdbtc,target,upsid,fibso,befor,euphoria
iter45_cv_split2,level,definit,gainzz,bullish,disgrac,usdbtc,fibso,upsid,befor,masternod
iter45_cv_split3,usd,retrac,definit,level,break,bullish,masternod,amp,bought,euphoria
iter45_cv_split4,usd,retrac,bought,level,bullish,flag,masternod,euphoria,shitcoin,ethbtc
iter45_cv_split5,usd,retrac,disgrac,definit,bought,abov,masternod,euphoria,upsid,fibso
iter46_cv_split1,usd,level,bullish,bought,upsid,fibso,amp,usdbtc,disgrac,break
iter46_cv_split2,level,usd,retrac,definit,bought,bullish,masternod,break,euphoria,ethbtc
iter46_cv_split3,retrac,usd,level,definit,disgrac,amp,masternod,euphoria,break,rebuy
iter46_cv_split4,usd,retrac,definit,gainzz,bullish,abov,euphoria,bought,shitcoin,philip
iter46_cv_split5,level,retrac,usdbtc,masternod,amp,upsid,fibso,befor,breakout,definit
iter47_cv_split1,retrac,usd,definit,level,bullish,gainzz,bought,abov,euphoria,shitcoin
iter47_cv_split2,retrac,bought,bullish,level,ethbtc,ethusd,masternod,usdbtc,disgrac,befor
iter47_cv_split3,usd,retrac,level,masternod,definit,usdbtc,abov,amp,breakout,euphoria
iter47_cv_split4,usd,level,definit,disgrac,day,befor,fibso,upsid,bought,fomo
iter47_cv_split5,usd,definit,retrac,level,amp,masternod,bullish,bought,disgrac,usdbtc
iter48_cv_split1,retrac,level,disgrac,amp,masternod,bought,break,shitcoin,definit,flag
iter48_cv_split2,usd,retrac,level,befor,euphoria,upsid,fibso,bullish,usdbtc,disgrac
iter48_cv_split3,usd,retrac,level,definit,bought,bullish,euphoria,masternod,break,abov
iter48_cv_split4,usd,definit,masternod,usdbtc,bought,coin,euphoria,amp,fomo,befor
iter48_cv_split5,usd,retrac,level,definit,bullish,masternod,breakout,fibso,upsid,amp
iter49_cv_split1,usd,retrac,definit,level,usdbtc,masternod,bought,fomo,fibso,upsid
iter49_cv_split2,usd,retrac,level,definit,usdbtc,disgrac,abov,fibso,upsid,bullish
iter49_cv_split3,usd,level,bullish,gainzz,euphoria,definit,befor,shitcoin,philip,smartsleep
iter49_cv_split4,retrac,break,level,definit,bullish,amp,abov,upsid,fibso,masternod
iter49_cv_split5,usd,retrac,bought,disgrac,masternod,euphoria,line,shitcoin,amp,break
iter50_cv_split1,usd,definit,level,bullish,gainzz,befor,fomo,masternod,break,coin
iter50_cv_split2,level,retrac,masternod,befor,usdbtc,disgrac,shitcoin,amp,euphoria,bullish
iter50_cv_split3,usd,retrac,level,definit,bought,bullish,masternod,abov,day,euphoria
iter50_cv_split4,retrac,usd,definit,level,break,amp,masternod,disgrac,usdbtc,befor
iter50_cv_split5,usd,retrac,bought,euphoria,fibso,upsid,flag,shitcoin,hold,ethbtc
iter51_cv_split1,usd,retrac,level,gainzz,bought,bullish,breakout,disgrac,usdbtc,upsid
iter51_cv_split2,retrac,usd,level,usdbtc,definit,masternod,flag,fibso,upsid,ethbtc
iter51_cv_split3,retrac,level,bullish,abov,definit,euphoria,fomo,usdbtc,disgrac,bought
iter51_cv_split4,usd,retrac,level,bullish,masternod,definit,bought,euphoria,coin,fibso
iter51_cv_split5,usd,disgrac,definit,befor,masternod,euphoria,abov,fomo,amp,break
iter52_cv_split1,retrac,usd,definit,level,befor,bullish,masternod,bought,amp,usdbtc
iter52_cv_split2,usd,retrac,definit,disgrac,break,masternod,abov,upsid,fibso,bullish
iter52_cv_split3,level,definit,bullish,break,disgrac,usdbtc,amp,bought,upsid,fibso
iter52_cv_split4,usd,retrac,level,definit,masternod,bullish,amp,break,line,bought
iter52_cv_split5,level,usd,retrac,usdbtc,gainzz,euphoria,upsid,fibso,shitcoin,breakout
iter53_cv_split1,level,usd,retrac,usdbtc,definit,befor,gainzz,euphoria,break,upsid
iter53_cv_split2,usd,retrac,level,masternod,upsid,fibso,usdbtc,disgrac,bullish,euphoria
iter53_cv_split3,usd,retrac,level,bought,disgrac,befor,upsid,fibso,ethbtc,ethusd
iter53_cv_split4,usd,level,definit,bought,bullish,masternod,break,euphoria,abov,amp
iter53_cv_split5,retrac,definit,bullish,amp,masternod,day,fibso,upsid,abov,disgrac
iter54_cv_split1,usd,level,disgrac,bought,masternod,break,euphoria,ethusd,ethbtc,shitcoin
iter54_cv_split2,usd,retrac,level,definit,bought,masternod,break,disgrac,usdbtc,bullish
iter54_cv_split3,usd,retrac,usdbtc,gainzz,upsid,fibso,euphoria,amp,definit,breakout
iter54_cv_split4,level,retrac,definit,bullish,ethusd,ethbtc,upsid,fibso,shitcoin,disgrac
iter54_cv_split5,usd,retrac,level,definit,bullish,bought,masternod,abov,amp,shitcoin
iter55_cv_split1,usd,retrac,definit,level,gainzz,disgrac,euphoria,befor,break,ethusd
iter55_cv_split2,retrac,masternod,bullish,bought,fibso,upsid,amp,befor,breakout,break
iter55_cv_split3,usd,level,retrac,definit,abov,shitcoin,masternod,disgrac,usdbtc,line
iter55_cv_split4,usd,retrac,definit,level,usdbtc,befor,euphoria,break,bought,abov
iter55_cv_split5,usd,level,definit,fomo,bought,usdbtc,disgrac,masternod,euphoria,bullish
iter56_cv_split1,definit,disgrac,masternod,euphoria,bought,abov,upsid,fibso,shitcoin,fomo
iter56_cv_split2,level,usd,retrac,bullish,masternod,flag,shitcoin,euphoria,ethusd,ethbtc
iter56_cv_split3,usd,retrac,level,definit,abov,bullish,befor,masternod,euphoria,ethbtc
iter56_cv_split4,usd,retrac,level,usdbtc,disgrac,euphoria,upsid,fibso,bought,bullish
iter56_cv_split5,usd,retrac,level,definit,masternod,break,usdbtc,amp,bought,upsid
iter57_cv_split1,retrac,level,disgrac,definit,euphoria,abov,breakout,line,break,bought
iter57_cv_split2,usd,retrac,level,bought,masternod,bullish,euphoria,befor,shitcoin,ethusd
iter57_cv_split3,retrac,usd,definit,level,bullish,masternod,amp,fibso,upsid,disgrac
iter57_cv_split4,usd,retrac,definit,break,amp,usdbtc,disgrac,upsid,fibso,bullish
iter57_cv_split5,usd,level,usdbtc,befor,gainzz,euphoria,break,bought,definit,ethbtc
iter58_cv_split1,usd,level,retrac,definit,befor,usdbtc,masternod,euphoria,breakout,break
iter58_cv_split2,usd,bullish,bought,day,soon,upsid,fibso,usdbtc,disgrac,amp
iter58_cv_split3,usd,retrac,level,abov,bullish,definit,bought,amp,masternod,upsid
iter58_cv_split4,usd,retrac,level,disgrac,definit,masternod,bought,amp,abov,fibso
iter58_cv_split5,retrac,level,break,euphoria,usdbtc,disgrac,masternod,fibso,upsid,bullish
iter59_cv_split1,level,usd,gainzz,amp,upsid,fibso,euphoria,befor,bought,ethusd
iter59_cv_split2,usd,retrac,definit,masternod,bullish,fibso,upsid,amp,abov,day
iter59_cv_split3,usd,definit,retrac,level,bullish,bought,masternod,euphoria,befor,break
iter59_cv_split4,retrac,usd,level,definit,bought,masternod,usdbtc,disgrac,upsid,fibso
iter59_cv_split5,retrac,level,bullish,bought,euphoria,fibso,upsid,ethusd,ethbtc,rebuy
iter60_cv_split1,usd,retrac,level,bought,masternod,bullish,disgrac,usdbtc,amp,day
iter60_cv_split2,usd,retrac,level,masternod,bought,rebuy,amp,upsid,fibso,shitcoin
iter60_cv_split3,level,usd,retrac,definit,bullish,euphoria,shitcoin,break,usdbtc,disgrac
iter60_cv_split4,abov,bullish,bought,euphoria,definit,masternod,fomo,disgrac,usdbtc,upsid
iter60_cv_split5,usd,definit,retrac,level,befor,bullish,gainzz,break,fibso,upsid
iter61_cv_split1,usd,retrac,level,definit,masternod,usdbtc,bought,amp,shitcoin,fibso
iter61_cv_split2,usd,retrac,disgrac,bought,befor,masternod,amp,fibso,upsid,ethusd
iter61_cv_split3,usd,retrac,level,bullish,gainzz,bought,euphoria,shitcoin,flag,breakout
iter61_cv_split4,definit,level,masternod,bullish,day,disgrac,usdbtc,upsid,fibso,amp
iter61_cv_split5,retrac,usd,level,definit,euphoria,usdbtc,disgrac,bought,bullish,abov
iter62_cv_split1,usd,retrac,level,gainzz,bullish,bought,amp,disgrac,usdbtc,ethbtc
iter62_cv_split2,retrac,level,definit,bought,disgrac,usdbtc,masternod,upsid,fibso,break
iter62_cv_split3,retrac,usd,level,definit,disgrac,masternod,break,day,bought,befor
iter62_cv_split4,usd,retrac,level,bullish,bought,euphoria,masternod,fibso,upsid,definit
iter62_cv_split5,usd,definit,usdbtc,fomo,euphoria,befor,flag,upsid,fibso,shitcoin
iter63_cv_split1,usd,retrac,definit,disgrac,bought,masternod,euphoria,amp,fibso,upsid
iter63_cv_split2,usd,level,definit,bullish,abov,fomo,flag,upsid,fibso,usdbtc
iter63_cv_split3,usd,retrac,level,bullish,breakout,bought,shitcoin,definit,befor,line
iter63_cv_split4,retrac,level,usdbtc,definit,masternod,amp,upsid,fibso,euphoria,break
iter63_cv_split5,usd,level,retrac,bought,masternod,bullish,break,disgrac,usdbtc,good
iter64_cv_split1,usd,retrac,level,amp,befor,bullish,masternod,fibso,upsid,usdbtc
iter64_cv_split2,level,retrac,definit,disgrac,upsid,fibso,euphoria,bought,break,breakout
iter64_cv_split3,usd,retrac,level,usdbtc,abov,masternod,definit,amp,bought,upsid
iter64_cv_split4,usd,retrac,level,masternod,amp,bullish,disgrac,usdbtc,bought,befor
iter64_cv_split5,usd,definit,bullish,bought,masternod,euphoria,break,ethbtc,ethusd,disgrac
iter65_cv_split1,usd,retrac,bullish,break,masternod,euphoria,shitcoin,amp,disgrac,usdbtc
iter65_cv_split2,usd,level,definit,disgrac,bought,masternod,amp,abov,shitcoin,flag
iter65_cv_split3,usd,retrac,level,bullish,bought,euphoria,shitcoin,masternod,befor,disgrac
iter65_cv_split4,usd,retrac,level,definit,usdbtc,break,gainzz,euphoria,masternod,fibso
iter65_cv_split5,retrac,level,definit,disgrac,usdbtc,coin,bullish,upsid,fibso,euphoria
iter66_cv_split1,usd,retrac,definit,disgrac,amp,fomo,bought,abov,upsid,fibso
iter66_cv_split2,usd,level,retrac,bullish,definit,masternod,amp,befor,abov,break
iter66_cv_split3,retrac,level,break,bullish,befor,masternod,amp,day,bought,disgrac
iter66_cv_split4,usd,level,masternod,bullish,time,upsid,fibso,disgrac,usdbtc,euphoria
iter66_cv_split5,usd,retrac,level,definit,bought,usdbtc,abov,ethusd,ethbtc,shitcoin
iter67_cv_split1,usd,retrac,level,definit,masternod,usdbtc,bought,flag,abov,day
iter67_cv_split2,usd,level,definit,befor,break,bought,bullish,masternod,fomo,amp
iter67_cv_split3,usd,retrac,level,definit,disgrac,gainzz,upsid,fibso,shitcoin,time
iter67_cv_split4,usd,retrac,bullish,masternod,amp,euphoria,break,ethbtc,ethusd,usdbtc
iter67_cv_split5,level,retrac,bullish,bought,breakout,euphoria,ethbtc,ethusd,disgrac,usdbtc
iter68_cv_split1,retrac,definit,bullish,masternod,amp,break,befor,bought,disgrac,usdbtc
iter68_cv_split2,level,usd,retrac,definit,gainzz,bullish,bought,line,ethbtc,ethusd
iter68_cv_split3,retrac,usd,level,disgrac,masternod,amp,day,break,shitcoin,euphoria
iter68_cv_split4,usd,level,bought,masternod,day,disgrac,usdbtc,upsid,fibso,bullish
iter68_cv_split5,usd,retrac,level,definit,usdbtc,euphoria,abov,befor,rebuy,upsid
iter69_cv_split1,level,retrac,masternod,befor,bullish,amp,euphoria,definit,shitcoin,disgrac
iter69_cv_split2,usd,retrac,level,disgrac,euphoria,masternod,amp,fibso,upsid,bought
iter69_cv_split3,retrac,usd,definit,bullish,usdbtc,disgrac,ethbtc,ethusd,flag,shitcoin
iter69_cv_split4,usd,retrac,level,usdbtc,definit,gainzz,bought,abov,upsid,fibso
iter69_cv_split5,usd,level,definit,bought,bullish,masternod,day,disgrac,usdbtc,upsid
iter70_cv_split1,usd,level,definit,gainzz,bought,fibso,upsid,abov,breakout,rebuy
iter70_cv_split2,usd,retrac,level,bought,bullish,euphoria,masternod,shitcoin,usdbtc,disgrac
iter70_cv_split3,retrac,level,definit,masternod,bullish,amp,upsid,fibso,bought,disgrac
iter70_cv_split4,usd,retrac,definit,bullish,abov,masternod,break,line,amp,upsid
iter70_cv_split5,retrac,usd,level,definit,befor,break,amp,euphoria,bullish,disgrac
iter71_cv_split1,usd,level,retrac,bullish,masternod,line,euphoria,shitcoin,upsid,fibso
iter71_cv_split2,usd,retrac,level,definit,euphoria,bought,amp,abov,masternod,disgrac
iter71_cv_split3,usd,retrac,level,definit,bought,shitcoin,abov,upsid,fibso,befor
iter71_cv_split4,retrac,level,definit,bullish,bought,masternod,amp,break,day,disgrac
iter71_cv_split5,usd,definit,gainzz,bullish,befor,usdbtc,disgrac,ethbtc,ethusd,fomo
iter72_cv_split1,retrac,level,break,disgrac,definit,euphoria,befor,masternod,amp,bought
iter72_cv_split2,usd,retrac,level,bullish,gainzz,befor,line,definit,shitcoin,breakout
iter72_cv_split3,usd,retrac,definit,amp,bullish,usdbtc,disgrac,upsid,fibso,befor
iter72_cv_split4,usd,level,definit,disgrac,usdbtc,fibso,upsid,bought,masternod,befor
iter72_cv_split5,usd,retrac,level,bought,usdbtc,euphoria,masternod,upsid,fibso,bullish
iter73_cv_split1,retrac,definit,usdbtc,disgrac,bullish,abov,fibso,upsid,bought,time
iter73_cv_split2,level,usd,retrac,definit,befor,break,bought,bullish,masternod,euphoria
iter73_cv_split3,usd,retrac,level,gainzz,euphoria,breakout,shitcoin,befor,definit,smartsleep
iter73_cv_split4,usd,definit,level,bullish,masternod,bought,flag,abov,day,usdbtc
iter73_cv_split5,usd,retrac,level,amp,bullish,masternod,breakout,euphoria,upsid,fibso
iter74_cv_split1,retrac,definit,gainzz,bullish,fibso,upsid,amp,disgrac,usdbtc,euphoria
iter74_cv_split2,usd,retrac,level,abov,definit,break,disgrac,befor,masternod,bought
iter74_cv_split3,usd,retrac,level,masternod,bullish,shitcoin,disgrac,usdbtc,breakout,amp
iter74_cv_split4,usd,level,bullish,bought,masternod,euphoria,time,disgrac,usdbtc,flag
iter74_cv_split5,retrac,usd,level,definit,usdbtc,bought,euphoria,fibso,upsid,breakout
iter75_cv_split1,usd,definit,usdbtc,bought,masternod,euphoria,fomo,amp,upsid,fibso
iter75_cv_split2,usd,retrac,level,bullish,definit,amp,masternod,euphoria,bought,shitcoin
iter75_cv_split3,usd,retrac,level,bullish,upsid,fibso,gainzz,euphoria,break,breakout
iter75_cv_split4,retrac,level,disgrac,befor,definit,break,abov,coin,ethusd,ethbtc
iter75_cv_split5,usd,retrac,level,definit,bought,bullish,masternod,break,befor,abov
iter76_cv_split1,retrac,level,bullish,bought,flag,fibso,upsid,amp,break,disgrac
iter76_cv_split2,usd,retrac,level,definit,masternod,bought,fibso,upsid,ethusd,ethbtc
iter76_cv_split3,usd,retrac,disgrac,gainzz,definit,breakout,befor,ethbtc,ethusd,shitcoin
iter76_cv_split4,usd,level,definit,masternod,bullish,amp,bought,breakout,usdbtc,disgrac
iter76_cv_split5,usd,retrac,level,definit,bought,usdbtc,abov,befor,day,masternod
iter77_cv_split1,usd,retrac,level,bullish,masternod,break,shitcoin,ethusd,ethbtc,breakout
iter77_cv_split2,usd,level,retrac,usdbtc,gainzz,definit,day,upsid,fibso,befor
iter77_cv_split3,level,retrac,bullish,definit,abov,amp,euphoria,bought,masternod,shitcoin
iter77_cv_split4,usd,definit,disgrac,usdbtc,masternod,euphoria,abov,bullish,amp,bought
iter77_cv_split5,usd,retrac,level,disgrac,definit,bought,abov,upsid,fibso,euphoria
iter78_cv_split1,usd,level,time,definit,abov,befor,euphoria,coin,breakout,line
iter78_cv_split2,usd,retrac,definit,gainzz,euphoria,disgrac,usdbtc,bullish,break,breakout
iter78_cv_split3,usd,retrac,level,bullish,bought,masternod,definit,break,good,disgrac
iter78_cv_split4,retrac,usd,level,bought,bullish,masternod,amp,break,upsid,fibso
iter78_cv_split5,retrac,level,definit,masternod,bullish,flag,euphoria,bought,fomo,usdbtc
iter79_cv_split1,retrac,level,definit,bought,gainzz,euphoria,abov,ethusd,ethbtc,fibso
iter79_cv_split2,retrac,usd,level,bullish,time,definit,befor,upsid,fibso,shitcoin
iter79_cv_split3,usd,retrac,definit,masternod,bullish,amp,bought,fomo,upsid,fibso
iter79_cv_split4,usd,break,level,masternod,amp,disgrac,usdbtc,bullish,bought,euphoria
iter79_cv_split5,usd,retrac,level,definit,bought,masternod,breakout,bullish,usdbtc,disgrac
iter80_cv_split1,usd,retrac,definit,break,befor,euphoria,bullish,disgrac,usdbtc,line
iter80_cv_split2,retrac,usd,level,bullish,bought,fomo,masternod,amp,euphoria,ethusd
iter80_cv_split3,usd,level,definit,masternod,abov,bullish,fibso,upsid,disgrac,usdbtc
iter80_cv_split4,level,definit,retrac,amp,bullish,masternod,bought,upsid,fibso,usdbtc
iter80_cv_split5,usd,retrac,level,day,ethusd,ethbtc,bought,upsid,fibso,euphoria
iter81_cv_split1,level,usd,bought,definit,disgrac,break,masternod,day,flag,rocket
iter81_cv_split2,usd,retrac,level,bought,gainzz,bullish,euphoria,usdbtc,disgrac,fibso
iter81_cv_split3,retrac,fibso,upsid,usdbtc,disgrac,masternod,bullish,euphoria,amp,bought
iter81_cv_split4,usd,level,retrac,definit,usdbtc,target,amp,masternod,abov,fibso
iter81_cv_split5,usd,retrac,definit,level,bullish,euphoria,breakout,abov,amp,ethbtc
iter82_cv_split1,usd,retrac,level,definit,bought,euphoria,usdbtc,disgrac,abov,flag
iter82_cv_split2,usd,retrac,level,bullish,amp,masternod,day,time,upsid,fibso
iter82_cv_split3,retrac,level,definit,bullish,gainzz,break,bought,befor,usdbtc,disgrac
iter82_cv_split4,usd,definit,usdbtc,masternod,break,fomo,ethbtc,ethusd,breakout,befor
iter82_cv_split5,usd,retrac,level,disgrac,befor,masternod,hold,bought,fibso,upsid
iter83_cv_split1,usd,retrac,level,definit,break,bullish,abov,befor,fibso,upsid
iter83_cv_split2,retrac,level,definit,disgrac,gainzz,euphoria,upsid,fibso,fomo,flag
iter83_cv_split3,usd,retrac,definit,usdbtc,masternod,euphoria,befor,amp,fibso,upsid
iter83_cv_split4,usd,retrac,level,bullish,definit,bought,masternod,amp,abov,shitcoin
iter83_cv_split5,usd,level,bought,usdbtc,disgrac,day,bullish,amp,upsid,fibso
iter84_cv_split1,retrac,bullish,definit,abov,usdbtc,disgrac,fibso,upsid,befor,flag
iter84_cv_split2,usd,retrac,level,usdbtc,disgrac,definit,masternod,bullish,break,bought
iter84_cv_split3,usd,retrac,level,masternod,bought,befor,euphoria,shitcoin,upsid,fibso
iter84_cv_split4,level,usd,definit,gainzz,bullish,euphoria,break,bought,upsid,fibso
iter84_cv_split5,usd,retrac,definit,level,masternod,bullish,bought,abov,amp,break
iter85_cv_split1,usd,bullish,masternod,day,amp,bought,euphoria,disgrac,usdbtc,ethbtc
iter85_cv_split2,level,usd,retrac,definit,disgrac,break,upsid,fibso,euphoria,bought
iter85_cv_split3,usd,retrac,definit,level,gainzz,befor,bullish,usdbtc,disgrac,euphoria
iter85_cv_split4,retrac,level,usdbtc,bought,definit,masternod,shitcoin,befor,fibso,upsid
iter85_cv_split5,usd,retrac,level,masternod,bought,disgrac,usdbtc,amp,upsid,fibso
iter86_cv_split1,usd,retrac,level,bullish,definit,masternod,abov,flag,fibso,upsid
iter86_cv_split2,usd,retrac,level,definit,amp,bullish,bought,masternod,support,befor
iter86_cv_split3,level,retrac,definit,usdbtc,masternod,break,bought,euphoria,breakout,upsid
iter86_cv_split4,usd,definit,gainzz,usdbtc,disgrac,upsid,fibso,line,bought,ethbtc
iter86_cv_split5,usd,retrac,level,befor,disgrac,euphoria,bought,shitcoin,soonmoon,ship
iter87_cv_split1,usd,retrac,level,bought,bullish,masternod,definit,disgrac,usdbtc,ethusd
iter87_cv_split2,usd,retrac,level,definit,bullish,bought,masternod,euphoria,breakout,amp
iter87_cv_split3,usd,level,retrac,bought,amp,fibso,upsid,bullish,disgrac,usdbtc
iter87_cv_split4,usd,definit,disgrac,day,shitcoin,upsid,fibso,amp,fomo,befor
iter87_cv_split5,retrac,level,definit,gainzz,usdbtc,euphoria,fibso,upsid,befor,breakout
iter88_cv_split1,level,bullish,masternod,amp,flag,disgrac,usdbtc,ethbtc,ethusd,befor
iter88_cv_split2,usd,retrac,level,definit,disgrac,break,befor,bought,fibso,upsid
iter88_cv_split3,usd,retrac,usdbtc,masternod,definit,abov,euphoria,befor,upsid,fibso
iter88_cv_split4,usd,retrac,definit,level,bullish,line,masternod,bought,breakout,shitcoin
iter88_cv_split5,retrac,usd,level,definit,bullish,gainzz,bought,upsid,fibso,ethbtc
iter89_cv_split1,usd,retrac,level,masternod,bullish,euphoria,befor,disgrac,usdbtc,ethbtc
iter89_cv_split2,usd,definit,bullish,disgrac,usdbtc,euphoria,abov,breakout,fomo,break
iter89_cv_split3,usd,level,retrac,definit,bought,break,usdbtc,masternod,abov,day
iter89_cv_split4,retrac,level,definit,disgrac,amp,masternod,bought,fibso,upsid,shitcoin
iter89_cv_split5,retrac,usd,level,bullish,bought,masternod,befor,amp,upsid,fibso
iter90_cv_split1,usd,level,disgrac,definit,bought,break,masternod,befor,euphoria,shitcoin
iter90_cv_split2,usd,retrac,usdbtc,gainzz,fibso,upsid,euphoria,shitcoin,flag,bought
iter90_cv_split3,retrac,level,definit,day,masternod,bullish,usdbtc,disgrac,break,bought
iter90_cv_split4,usd,retrac,level,usdbtc,disgrac,bullish,coin,amp,upsid,fibso
iter90_cv_split5,usd,retrac,level,bullish,definit,masternod,abov,amp,befor,euphoria
iter91_cv_split1,usd,retrac,level,definit,euphoria,breakout,disgrac,usdbtc,bought,bullish
iter91_cv_split2,retrac,level,disgrac,amp,masternod,bought,euphoria,fibso,upsid,ethusd
iter91_cv_split3,usd,retrac,level,definit,bought,usdbtc,day,befor,abov,masternod
iter91_cv_split4,usd,retrac,break,gainzz,definit,befor,disgrac,usdbtc,bullish,euphoria
iter91_cv_split5,usd,level,definit,bullish,shitcoin,abov,masternod,bought,befor,disgrac
iter92_cv_split1,usd,level,retrac,definit,masternod,bullish,bought,break,flag,euphoria
iter92_cv_split2,retrac,usd,definit,level,bullish,abov,bought,masternod,euphoria,fomo
iter92_cv_split3,retrac,level,definit,usdbtc,fibso,upsid,befor,day,euphoria,abov
iter92_cv_split4,usd,level,disgrac,gainzz,amp,bought,shitcoin,breakout,ethusd,ethbtc
iter92_cv_split5,usd,retrac,bought,bullish,masternod,definit,breakout,euphoria,befor,upsid
iter93_cv_split1,usd,level,retrac,definit,bullish,gainzz,abov,breakout,fibso,upsid
iter93_cv_split2,usd,usdbtc,masternod,befor,euphoria,break,coin,amp,upsid,fibso
iter93_cv_split3,usd,retrac,level,definit,bullish,break,line,bought,upsid,fibso
iter93_cv_split4,level,retrac,bullish,bought,abov,definit,euphoria,masternod,amp,disgrac
iter93_cv_split5,retrac,usd,definit,level,disgrac,shitcoin,fomo,flag,ethbtc,ethusd
iter94_cv_split1,retrac,level,definit,break,bought,bullish,line,usdbtc,disgrac,masternod
iter94_cv_split2,usd,retrac,definit,bullish,break,masternod,amp,befor,ethbtc,ethusd
iter94_cv_split3,usd,level,definit,masternod,bought,day,fomo,shitcoin,euphoria,abov
iter94_cv_split4,usd,retrac,level,masternod,usdbtc,disgrac,upsid,fibso,euphoria,befor
iter94_cv_split5,retrac,usd,level,bullish,bought,breakout,shitcoin,euphoria,usdbtc,disgrac
iter95_cv_split1,usd,level,bullish,definit,bought,line,euphoria,masternod,break,abov
iter95_cv_split2,usd,retrac,level,definit,hold,bought,abov,euphoria,flag,smartsleep
iter95_cv_split3,usd,retrac,level,definit,break,bullish,gainzz,shitcoin,amp,bought
iter95_cv_split4,usd,retrac,level,bullish,amp,day,masternod,upsid,fibso,time
iter95_cv_split5,retrac,usdbtc,disgrac,masternod,fibso,upsid,befor,bullish,break,ethbtc
iter96_cv_split1,usd,retrac,level,definit,befor,amp,masternod,disgrac,usdbtc,ethbtc
iter96_cv_split2,retrac,definit,bullish,euphoria,masternod,befor,fibso,upsid,ethbtc,ethusd
iter96_cv_split3,usd,level,bullish,gainzz,day,line,definit,euphoria,flag,hate
iter96_cv_split4,usd,retrac,level,bought,masternod,amp,break,euphoria,shitcoin,smartsleep
iter96_cv_split5,usd,retrac,level,definit,break,bullish,fibso,upsid,disgrac,usdbtc
iter97_cv_split1,usd,retrac,level,definit,bullish,gainzz,abov,amp,fibso,upsid
iter97_cv_split2,usd,retrac,definit,bullish,bought,masternod,abov,shitcoin,break,euphoria
iter97_cv_split3,usd,retrac,level,bought,bullish,euphoria,masternod,disgrac,usdbtc,break
iter97_cv_split4,retrac,level,daili,befor,time,day,ethbtc,ethusd,upsid,fibso
iter97_cv_split5,usd,level,definit,amp,usdbtc,disgrac,masternod,bullish,fomo,euphoria
iter98_cv_split1,retrac,level,masternod,usdbtc,disgrac,shitcoin,definit,bullish,fibso,upsid
iter98_cv_split2,usd,retrac,level,bullish,bought,euphoria,line,ethbtc,ethusd,soonmoon
iter98_cv_split3,usd,level,definit,usdbtc,befor,bought,abov,upsid,fibso,masternod
iter98_cv_split4,usd,retrac,definit,level,masternod,bullish,bought,amp,usdbtc,disgrac
iter98_cv_split5,usd,retrac,definit,disgrac,gainzz,break,euphoria,abov,breakout,upsid
iter99_cv_split1,usd,retrac,level,definit,bullish,gainzz,bought,day,ethusd,ethbtc
iter99_cv_split2,usd,level,disgrac,befor,bought,masternod,amp,break,euphoria,fibso
iter99_cv_split3,usd,retrac,level,definit,bullish,abov,masternod,upsid,fibso,usdbtc
iter99_cv_split4,retrac,level,definit,usdbtc,masternod,amp,bought,ethusd,ethbtc,break
iter99_cv_split5,usd,retrac,definit,usdbtc,disgrac,break,befor,upsid,fibso,euphoria
iter100_cv_split1,usd,retrac,definit,disgrac,gainzz,befor,break,euphoria,bought,breakout
iter100_cv_split2,usd,level,euphoria,bullish,usdbtc,disgrac,upsid,fibso,coin,soonmoon
iter100_cv_split3,level,usd,retrac,usdbtc,masternod,upsid,fibso,bought,fomo,forev
iter100_cv_split4,retrac,level,definit,befor,bought,amp,masternod,bullish,break,disgrac
iter100_cv_split5,retrac,usd,level,definit,masternod,abov,bullish,day,fibso,upsid
